schema	name	args	md5	file
pipeline	trg_layer1_seen_departures		9ce05d4a3d03983451a59eb20fa06972	pipeline.trg_layer1_seen_departures.d41d8cd9.sql
public	admin_provider_edit	p_provider_id uuid, p_action text, p_args jsonb	88d604e0b4dcb6a012550d2384a63bdb	public.admin_provider_edit.4a527831.sql
public	admin_provider_edit_read	p_provider_id uuid	3306e12173001cad55424308c605ee2c	public.admin_provider_edit_read.fb155042.sql
public	admin_provider_publish	p_provider_id uuid, p_published boolean	ef324d9a245c1248b18af84821dea434	public.admin_provider_publish.5f0911a8.sql
public	layer1_approve_departures	p_run_id uuid, p_reason text	23841fee8541e50f3a6f6b86fbfe3a8e	public.layer1_approve_departures.0173ecbb.sql
public	layer4_provider_departure_decide	p_id bigint, p_decision text, p_successor_provider_id uuid, p_reason text	c97889c91afc86cdfe96fa51b59ea82e	public.layer4_provider_departure_decide.4337768e.sql
public	layer4_provider_departures_read	p_status text	b7bc38f4f4f26327fb8e098d925d385f	public.layer4_provider_departures_read.28db7bf4.sql
public	svc_layer1_apply_course_scope	p_source_id uuid, p_scope_tag text, p_course_scheme text	c25496f235831a85b3a3efe00c9aee0d	public.svc_layer1_apply_course_scope.774fc324.sql
security	admin_layer1_approve_departures_v1	p_run_id uuid, p_reason text	2838143efe34612b70ac7dad61fe3093	security.admin_layer1_approve_departures_v1.0173ecbb.sql
security	layer1_plan_finish_v1	p_run_id uuid, p_force boolean, p_actor uuid	92818b53fa475a437dbf84cae67ec766	security.layer1_plan_finish_v1.828befb4.sql
security	layer1_seen_departures_v1	p_run_id uuid, p_force boolean, p_actor uuid	78686ab1b9713a5f825c8aa6795d0517	security.layer1_seen_departures_v1.828befb4.sql
security	layer4_provider_departure_decide_v1	p_id bigint, p_decision text, p_successor_provider_id uuid, p_reason text	d319a992fc122798005b616fc7a243d2	security.layer4_provider_departure_decide_v1.4337768e.sql
security	layer4_provider_departures_read_v1	p_status text	70bcc0144e717e684cadc6e795867b11	security.layer4_provider_departures_read_v1.28db7bf4.sql
